{
    "train": {
        "R2": 0.9482169979347408,
        "MAE": 7.362435696132567,
        "MDAE": 4.2198229893652694,
        "RMSE": 15.087089114679841,
        "CE135A": [
            0.34346441176892445,
            0.6465472062209757,
            0.8162382647820441,
            0.9681658250151983
        ]
    },
    "test": {
        "R2": 0.8861172408394525,
        "MAE": 9.707419462446062,
        "MDAE": 5.688563579084317,
        "RMSE": 23.226018404059726,
        "CE135A": [
            0.22075055187637968,
            0.5572171188492487,
            0.7623905148472548,
            0.9551021861425621
        ]
    }
}