{
    "train": {
        "R2": 0.9502614413776822,
        "MAE": 7.22468847210111,
        "MDAE": 4.113194244007104,
        "RMSE": 14.78626349337601,
        "CE135A": [
            0.3571523085337238,
            0.6451676928776838,
            0.8190575325064836,
            0.9691298671512499
        ]
    },
    "test": {
        "R2": 0.8734963112890104,
        "MAE": 10.227291495526325,
        "MDAE": 5.902115536992454,
        "RMSE": 24.479208425918507,
        "CE135A": [
            0.2204107492626948,
            0.5358569025597094,
            0.7504673689470702,
            0.9512463915547882
        ]
    }
}